,variância,distorção,curtosi,entropia,classe
881,-4.4861,-13.2889,17.3087,-3.2194,1
899,-1.4446,2.1438,-0.47241000000000005,-1.6677,1
783,0.47368000000000005,3.3605,-4.5064,-4.0431,1
924,1.5904,2.2121,-3.1183,-0.11725,1
1224,0.26877,4.987,-5.1508,-6.3913,1
151,-1.7599,11.9211,2.6756,-3.3241,0
1187,-4.0218,-8.304,12.555,-1.5099,1
536,2.7659,0.6621600000000001,4.1494,-0.28406,0
851,0.60731,3.9544,-4.772,-4.4853,1
1178,-2.0754,1.2767,-0.6420600000000001,-1.2642,1
161,3.5499,8.6165,-3.2794,-1.2009,0
1244,-3.9204,4.0723,-0.23678000000000002,-2.1151,1
195,-1.8584,7.886,-1.6643,-1.8384,0
216,1.3234,3.2964,0.2362,-0.11984000000000002,0
29,4.8906,-3.3584,3.4202,1.0905,0
710,2.4012,1.6223,3.0312,0.7167899999999999,0
348,3.1088,3.1122,0.80857,0.4336,0
512,2.6648,10.754,-3.3994,-4.1685,0
1041,0.27331,4.8773,-4.9194,-5.8198,1
3,3.4566,9.5228,-4.0112,-3.5944,0
873,-2.2173,1.4671,-0.7268899999999999,-1.1724,1
1156,0.9670799999999999,3.8426,-4.9314,-4.1323,1
646,1.162,10.2926,-1.2821,-4.0392,0
938,-4.3773,-5.5167,10.939,-0.4082,1
1151,-2.3142,-0.68494,1.9833,-0.44828999999999997,1
1163,0.6818,4.8504,-5.2133,-6.1043,1
354,3.5458,9.3718,-4.0351,-3.9564,0
1074,-0.41965,2.9094,-1.7859,-2.2069,1
1173,-4.7462,3.1205,1.075,-1.2966,1
602,2.7831,10.9796,-3.557,-4.4039,0
53,2.549,6.1499,-1.1605,-1.2371,0
25,0.7057,-5.4981,8.3368,-2.8715,0
1001,-0.036127,1.525,-1.4089,-0.76121,1
826,-4.211,-12.4736,14.9704,-1.3884,1
871,-0.75793,2.5349,-3.0464,-1.2629,1
1062,-0.11715999999999999,0.60422,-0.38587,-0.059065,1
872,-0.9540299999999999,1.9824,-2.3163,-1.1957,1
8,3.2032,5.7588,-0.75345,-0.61251,0
227,-2.6479,10.1374,-1.331,-5.4707,0
23,0.93584,8.8855,-1.6831,-1.6599,0
298,1.143,0.83391,5.4552,-0.56984,0
214,4.1962,0.74493,0.8325600000000001,0.753,0
865,-0.77995,3.2322,-3.282,-3.1004,1
1348,-2.9786,2.3445,0.52667,-0.40173000000000003,1
930,-2.2214,-0.23798000000000002,0.56008,0.05602000000000001,1
1210,0.025013,3.3998,-4.4327,-4.2655,1
506,2.093,8.3061,0.022844,-3.2724,0
201,4.0026,-3.5943,3.5573,0.26809,0
876,-3.5916,-6.2285,10.2389,-1.1543,1
617,-0.278,8.1881,-3.1338,-2.5276,0
301,2.9719,6.8369,-0.2702,0.71291,0
387,4.6361,-2.6611,2.8358,1.1991,0
1111,-6.3679,8.0102,0.4247,-3.2207,1
133,0.4339,5.5395,2.033,-0.40431999999999996,0
985,0.75108,1.9161,-3.1098,-0.20518000000000003,1
398,4.3937,0.35798,2.0416,1.2004,0
100,3.3669,-5.1856,3.6935,-1.1427,0
814,-1.2568,-1.4733,2.8718,0.44653000000000004,1
1076,-0.55355,-7.9233,6.7156,0.7439399999999999,1
540,3.9772,0.33521,2.2566,2.1625,0
441,0.86816,10.2429,-1.4912,-4.0082,0
1131,-4.0214,-12.8006,15.6199,-0.95647,1
961,-1.1859,-1.2519,2.2635,0.7723899999999999,1
1228,-1.3414,-1.9162,-0.15538,-0.11984000000000002,1
858,0.25943,5.0097,-5.0394,-6.3862,1
1240,-3.551,1.8955,0.1865,-2.4409,1
988,-3.6817,3.2239,-0.69347,-3.4004,1
346,4.0972,0.46971999999999997,1.6671,0.9159299999999999,0
375,0.58836,10.7727,-1.3884,-4.3276,0
952,-1.2846,3.2715,-1.7671,-3.2608,1
805,-3.6085,3.3253,-0.51954,-3.5737,1
1361,-1.5732,1.0636,-0.71232,-0.8388,1
669,4.3634,0.46351000000000003,1.4281,2.0202,0
170,0.5706,-0.0248,1.2421,-0.5621,0
1068,0.31803000000000003,-0.99326,1.0947,0.8861899999999999,1
1257,-1.8974,3.5074,-1.7842,-3.8491,1
946,-0.0012852,0.13863,-0.19651,0.0081754,1
796,1.6408,4.2503,-4.9023,-2.6621,1
818,0.24394000000000002,1.4733,-1.4192,-0.58535,1
132,2.0139,6.1416,0.37929,0.56938,0
389,3.7982,10.423,-4.1602,-4.9728,0
347,3.3299,0.91254,1.5806,0.39352,0
720,5.2012,0.32694,0.17965,1.1797,0
1340,-4.1479,7.1225,-0.08340399999999999,-6.4172,1
626,1.8384,6.063,0.54723,0.51248,0
350,-1.2528,10.2036,2.1787,-5.6038,0
707,4.65,-4.8297,3.4553,-0.25174,0
651,2.9571,-4.5938,5.9068,0.57196,0
223,4.6464,10.5326,-4.5852,-4.206,0
514,2.0153,1.8479,3.1375,0.42843000000000003,0
629,3.757,-5.4236,3.8255,-1.2526,0
42,-0.006891899999999999,9.2931,-0.41243,-1.9638,0
190,0.9297,-3.7971,4.6429,-0.2957,0
645,2.9233,6.0464,-0.11168,-0.58665,0
405,0.58982,7.4266,1.2353,-2.9595,0
1073,-1.7064,3.3088,-2.2829,-2.1978,1
1254,-3.8894,-7.8322,9.8208,0.47498,1
776,-5.9034,6.5679,0.67661,-6.6797,1
1070,-3.1423,-13.0365,15.6773,-0.66165,1
1319,0.66365,-0.045533,-0.18794,0.23446999999999998,1
630,2.5989,3.5178,0.7623,0.81119,0
861,-2.3797,-1.4402,1.1273,0.16076,1
573,2.8521,9.171,-3.6461,-1.2047,0
1088,0.64376,3.764,-4.4738,-4.0483,1
437,0.5415,6.0319,1.6825,-0.46121999999999996,0
1230,0.6212,3.6771,-4.0771,-2.0711,1
1310,-3.3458,-0.5049100000000001,2.6328,0.53705,1
1193,-3.7573,-8.2916,10.3032,0.38059,1
11,3.9899,-2.7066,2.3946,0.8629100000000001,0
364,5.7823,5.5788,-2.4089,-0.056478999999999994,0
315,0.3292,-4.4552,4.5718,-0.9888,0
281,4.068,-2.9363,2.1992,0.50084,0
632,3.6941,-3.9482,4.2625,1.1577,0
1115,-0.29858,2.4769,-2.9512,-0.66165,1
785,-1.6662,-0.30005,1.4238,0.024986,1
1354,-3.3924,3.3564,-0.72004,-3.5233,1
92,4.3064,8.2068,-2.7824,-1.4336,0
106,2.3136,10.6651,-3.5288,-4.7672,0
174,1.8799,2.4707,2.4931,0.37671,0
689,3.0242,-3.3378,2.5865,-0.54785,0
678,2.4673,1.3926,1.7125,0.41421,0
708,5.1731,3.9606,-1.983,0.40774,0
755,4.7114,2.0755,-0.2702,1.2379,0
623,3.7758,7.1783,-1.5195,0.40128,0
131,5.1302,8.6703,-2.8913,-1.5086,0
550,3.9719,1.0367,0.75973,1.0013,0
697,3.6077,6.8576,-1.1622,0.28231,0
382,0.8620200000000001,2.6963,4.2908,0.5473899999999999,0
296,0.051979,7.0521,-2.0541,-3.1508,0
134,-1.0401,9.3987,0.85998,-5.3336,0
1061,-2.3147,3.6668,-0.6969,-1.2474,1
914,-2.5346,-0.7739199999999999,3.3602,0.0017100000000000001,1
91,4.0632,3.584,0.72545,0.39481,0
913,-4.2249,6.2699,0.15822,-5.5457,1
252,0.5734,9.1938,-0.9094,-1.872,0
1075,0.37637,-0.82358,0.7854300000000001,0.74524,1
365,3.8999,1.734,1.6011,0.96765,0
601,2.5581,2.6218,1.8513,0.40257,0
613,4.9249,0.68906,0.77344,1.2095,0
663,3.7798,-3.3109,2.6491,0.066365,0
1089,-2.9821,4.1986,-0.5898,-3.9642,1
948,-3.4917,-12.1736,14.3689,-0.61639,1
1249,-3.38,-0.7077,2.5325,0.71808,1
1315,-2.9498,-8.273,10.2646,1.1629,1
393,3.7831,10.0526,-3.8869,-3.7366,0
237,3.8905,-2.1521,2.6302,1.1047,0
408,4.223,1.1319,0.72202,0.9611799999999999,0
509,-0.2951,9.0489,-0.52725,-2.0789,0
866,-4.1409,3.4619,-0.47841000000000006,-3.8879,1
241,-1.3931,1.5664,7.5382,0.78403,0
599,3.9292,-2.9156,2.2129,0.30817,0
799,-3.2238,2.7935,0.32274,-0.8607799999999999,1
918,2.3917,4.5565,-4.9888,-2.8987,1
1311,-1.1188,3.3357,-1.3455,-1.9573,1
112,3.2351,9.647,-3.2074,-2.5948,0
553,3.0672,-4.4117,3.8238,-0.81682,0
1053,-0.83535,0.80494,-1.6411,-0.19225,1
370,2.2526,9.9636,-3.1749,-2.9944,0
1285,0.2952,4.8856,-5.149,-6.2323,1
653,3.3577,-4.3062,6.0241,0.18274,0
852,-4.8861,7.0542,-0.17252,-6.959,1
1350,-0.21888000000000002,-2.2038,-0.0954,0.56421,1
1305,-3.8953,4.0392,-0.3019,-2.1836,1
1174,-3.2051,-0.14279,0.97565,0.045675,1
811,-0.86339,1.9348,-2.3729,-1.0897,1
953,-0.09219400000000001,0.39315,-0.32846,-0.13794,1
238,3.9994,0.90427,1.1693,1.6892,0
510,3.577,2.4004,1.8908,0.73231,0
1170,-0.3489,3.1929,-3.4054,-3.1832,1
647,3.7791,2.5762,1.3098,0.5655,0
560,4.0446,11.1741,-4.3582,-4.7401,0
681,2.2429,-4.1427,5.2333,-0.40173000000000003,0
302,1.6849,8.7489,-1.2641,-1.3858,0
821,-4.0173,-8.3123,12.4547,-1.4375,1
746,4.6499,7.6336,-1.9427,-0.37458,0
1312,0.5593899999999999,-0.3104,0.18307,0.44653000000000004,1
1338,1.581,0.8690899999999999,-2.3138,0.8241200000000001,1
438,4.0524,5.6802,-1.9693,0.026279000000000004,0
277,1.3638,-4.7759,8.4182,-1.8836,0
1287,-3.9933,2.6218,0.62863,-1.1595,1
977,-1.239,-6.541,4.8151,-0.033204000000000004,1
1121,-4.6765,-5.6636,10.969,-0.33449,1
684,-2.0759,10.8223,2.6439,-4.837,0
661,-0.11996,6.8741,0.91995,-0.6694,0
242,1.6406,3.5488,1.3964,-0.36424,0
874,-2.799,1.9679,-0.42357,-2.1125,1
1039,1.0194,1.1029,-2.3,0.59395,1
249,1.0135,8.4551,-1.672,-2.0815,0
321,3.7352,9.5911,-3.9032,-3.3487,0
1186,-4.244,-13.0634,17.1116,-2.8017,1
379,4.2772,2.4955,0.48553999999999997,0.36119,0
409,0.64295,7.1018,0.3493,-0.41336999999999996,0
1238,-1.0941,2.3072,-2.5237,-1.4453,1
1321,-1.9966,-9.5001,9.682,-0.12889,1
1125,-3.5985,-13.6593,17.6052,-2.4927,1
813,-2.1333,1.5685,-0.084261,-1.7453,1
353,0.8887200000000001,5.3449,2.045,-0.19355,0
959,-6.3979,6.4479,1.0836,-6.6176,1
327,4.2164,9.4607,-4.9288,-5.2366,0
809,-1.7015,-0.010356,-0.9933700000000001,-0.53104,1
1165,-3.8053,2.4273,0.6809,-1.0871,1
230,-1.3389,1.552,7.0806,1.031,0
614,2.5089,6.841,-0.029423,0.44911999999999996,0
476,0.3798,0.7098,0.7572,-0.4444,0
1107,1.2198,2.0982,-3.1954,0.12843,1
986,0.84546,3.4826,-3.6307,-1.3961,1
501,1.2999,2.5762,2.0107,-0.18967,0
1035,-3.9934,5.8333,0.54723,-4.9379,1
304,2.3729,10.4726,-3.0087,-3.2013,0
889,-1.3066,0.25244,0.7623,1.7758,1
4,0.32924000000000003,-4.4552,4.5718,-0.9888,0
516,-2.3983,12.606,2.9464,-5.7888,0
1349,-1.5851,-2.1562,1.7082,0.9017,1
390,-0.36279,8.2895,-1.9213,-3.3332,0
470,0.87256,9.2931,-0.7843,-2.1978,0
1314,-3.506,-12.5667,15.1606,-0.75216,1
1280,-3.3553,0.35591,2.6473,-0.37846,1
1120,-3.1875,-7.5756,11.8678,-0.57889,1
1293,-3.9698,3.6812,-0.6000800000000001,-4.0133,1
1263,-0.87834,3.257,-3.6778,-3.2944,1
1141,-0.49081,2.8452,-3.6436,-3.1004,1
964,-1.4106,-7.108,5.6454,0.31335,1
276,4.052,-0.16555,0.45383,0.51248,0
879,-0.56877,1.4174,-1.4252,-1.1246,1
14,3.404,8.7261,-2.9915,-0.5724199999999999,0
107,-1.8584,7.886,-1.6643,-1.8384,0
1225,-6.5235,9.6014,-0.25392,-6.9642,1
64,5.4021,3.1039,-1.1536,1.5651,0
203,4.1757,10.2615,-3.8552,-4.3056,0
135,4.1605,11.2196,-3.6136,-4.0819,0
192,1.4578,-0.08485,4.1785,0.59136,0
674,1.3754,8.8793,-1.9136,-0.53751,0
229,5.4944,1.5478,0.041694,1.9284,0
407,-0.062025,6.1975,1.099,-1.131,0
1137,-1.5877,-6.6072,5.8022,0.31593000000000004,1
1227,-2.564,-1.7051,1.5026,0.32757,1
386,-2.4953,11.1472,1.9353,-3.4638,0
593,-2.7914,1.7734,6.7756,-0.39915,0
5,4.3684,9.6718,-3.9606,-3.1625,0
32,4.2969,7.617,-2.3874,-0.9616399999999999,0
1169,0.9829600000000001,3.4226,-3.9692,-1.7116,1
494,2.5698,-4.4076,5.9856,0.078002,0
243,2.7744,6.8576,-1.0671,0.075416,0
869,-3.3125,0.10139,0.55323,-0.2957,1
595,3.1836,7.2321,-1.0713,-2.5909,0
30,-0.24811,-0.17797000000000002,4.9068,0.15429,0
993,-0.46651000000000004,2.3383,-2.9812,-1.0431,1
507,4.6014,5.6264,-2.1235,0.19309,0
183,2.9421,7.4101,-0.97709,-0.8840600000000001,0
774,-0.61442,-0.091058,-0.31818,0.5021399999999999,1
1286,-6.4247,9.5311,0.022844,-6.8517,1
686,0.76163,5.8209,1.1959,-0.64613,0
1365,-4.5046,-5.8126,10.8867,-0.52846,1
1042,-5.1661,8.0433,0.044265,-4.4983,1
207,2.5605,9.2683,-3.5913,-1.356,0
763,0.39011999999999997,-0.14279,-0.031994,0.35084,1
1063,-2.0066,-6.719,9.0162,0.099985,1
1143,-2.4621,2.7645,-0.62578,-2.8573,1
380,1.5099,0.039307,6.2332,-0.30346,0
561,-0.33729000000000003,-0.64976,7.6659,0.72326,0
943,-3.1273,-7.1121,11.3897,-0.083634,1
979,1.6799,4.2068,-4.5398,-2.3931,1
193,4.8272,3.0687,0.68604,0.8073100000000001,0
523,2.1319,-2.0403,2.5574,-0.061652,0
563,4.1195,10.9258,-3.8929,-4.1802,0
228,3.1219,-3.137,1.9259,-0.37458,0
638,2.7213,7.05,-0.58808,0.41808999999999996,0
739,1.8216,-6.4748,8.0514,-0.41855,0
1259,-1.8387,-6.301,5.6506,0.19567,1
33,-0.96511,9.4111,1.7305,-4.8629,0
544,4.2458,1.1981,0.66633,0.94696,0
148,3.6277,0.9829,0.68861,0.63403,0
320,0.5195,-3.2633,3.0895,-0.9849,0
113,4.2188,6.8162,-1.2804,0.76076,0
802,0.6005,1.9327,-3.2888,-0.32415,1
445,3.1887,-3.4143,2.7742,-0.2026,0
562,-2.4604,12.7302,0.91738,-7.6418,0
806,-6.2003,8.6806,0.009134399999999999,-3.703,1
1162,1.7331,3.9544,-4.7412,-2.5017,1
67,2.4235,9.5332,-3.0789,-2.7746,0
418,-1.2576,1.5892,7.0078,0.42455,0
1217,0.61652,3.8944,-4.7275,-4.3948,1
87,0.87603,6.8141,0.84198,-0.17156,0
270,3.8417,10.0215,-4.2699,-4.9159,0
1346,1.2572,4.8731,-5.2861,-5.8741,1
855,-1.8782,-6.5865,4.8486,-0.021566,1
220,-2.2261,12.5398,2.9438,-3.5258,0
1214,-2.9662,-10.3257,8.784,-2.1138,1
587,1.4276,8.3847,-2.0995,-1.9677,0
16,2.6719,3.0646,0.37158,0.58619,0
143,3.9232,-3.2467,3.4579,0.83705,0
314,1.1811,8.3847,-2.0567,-0.90345,0
480,0.94732,-0.57113,7.1903,-0.67587,0
810,-0.64326,2.4748,-2.9452,-1.0276,1
941,-1.7279,-6.841,8.9494,0.68058,1
491,3.0632,-3.3315,5.1305,0.8267,0
779,-1.8187,-9.0366,9.0162,-0.12243,1
752,0.38478,6.5989,-0.3336,-0.56466,0
1188,-3.0201,-0.6725300000000001,2.7056,0.85774,1
13,-1.5768,10.843,2.5462,-2.9362,0
619,0.56953,7.6294,1.5754,-3.2233,0
537,-0.10647999999999999,-0.76771,7.7575,0.64179,0
1209,-0.6907800000000001,-0.5007699999999999,-0.35417,0.47498,1
1269,-2.1241,-6.8969,5.5992,-0.47156000000000003,1
1353,0.11592000000000001,3.2219,-3.4302,-2.8457,1
901,-1.5449,-10.1498,9.6152,-1.2332,1
737,4.1542,7.2756,-2.4766,-1.2099,0
900,-0.65767,-2.8018,3.7115,0.99739,1
885,0.030219,-1.0512,1.4024,0.77369,1
339,1.8205,6.7562,0.0099913,0.39481,0
1059,-3.2305,-7.2135,11.6433,-0.9461299999999999,1
1325,-5.525,6.3258,0.8976799999999999,-6.6241,1
909,-1.7322,-9.2828,7.719,-1.7168,1
291,-2.2153,11.9625,0.078538,-7.7853,0
377,-1.9922,11.6542,2.6542,-5.2107,0
188,4.5645,-3.6275,2.8684,0.27714,0
1037,-1.7976,-6.7686,6.6753,0.89912,1
159,1.3566,4.2358,2.1341,0.3211,0
335,3.4667,-4.0724,4.2882,1.5418,0
340,4.9923,7.8653,-2.3515,-0.7198399999999999,0
703,1.3114,4.5462,2.2935,0.22541,0
718,4.0932,5.4132,-1.8219,0.23576,0
236,-1.3274,9.498,2.4408,-5.2689,0
1185,-2.2617,-4.7428,6.3489,0.11162000000000001,1
303,-1.9177,11.6894,2.5454,-3.2763,0
750,4.0422,-4.391,4.7466,1.137,0
673,-1.8348,11.0334,3.1863,-4.8888,0
186,3.2585,-4.4614,3.8024,-0.15087,0
1132,-3.3884,-8.215,10.3315,0.98187,1
239,2.3952,9.5083,-3.1783,-3.0086,0
803,0.91315,3.3377,-4.0557,-1.6741,1
945,-1.7697,3.4329,-1.2144,-2.3789,1
864,0.59823,3.5012,-3.9795,-1.7841,1
738,0.9270299999999999,9.4318,-0.66263,-1.6728,0
310,4.0215,-2.7004,2.4957,0.36635999999999996,0
1364,-2.8391,-6.63,10.4849,-0.42113,1
101,4.5597,-2.4211,2.6413,1.6168,0
213,0.68087,2.3259,4.9085,0.54998,0
267,3.8496,9.7939,-4.1508,-4.4582,0
532,2.5227,2.2369,2.7236,0.79438,0
253,5.2868,3.257,-1.3721,1.1668,0
1359,0.066129,2.4914,-2.9401,-0.62156,1
970,-2.3299,-9.9532,8.4756,-1.8733,1
162,0.17346,7.8695,0.26876,-3.7883,0
1245,-1.1306,1.8458,-1.3575,-1.3806,1
976,-2.2987,-5.227,5.63,0.91722,1
592,0.95626,2.4728,4.4578,0.21636,0
140,2.0911,0.94358,4.5512,1.234,0
440,3.4359,0.6621600000000001,2.1041,1.8922,0
1085,-2.6649,-12.813,12.6689,-1.9082,1
45,-0.7869,9.5663,-3.7867,-7.5034,0
659,2.1881,2.7356,1.3278,-0.1832,0
1104,-3.0193,1.7775,0.73745,-0.45346000000000003,1
434,5.6272,10.0857,-4.2931,-3.8142,0
1200,-1.8343,-6.5907,5.6429,0.54998,1
1357,-2.5899,-0.3911,0.93452,0.42972,1
1235,-3.5359,0.30417,0.6569,-0.2957,1
1300,-2.3277,1.4381,-0.82114,-1.2862,1
169,0.11739000000000001,6.2761,-1.5495,-2.4746,0
345,-1.8584,7.886,-1.6643,-1.8384,0
907,-1.3907,-1.3781,2.3055,-0.021566,1
748,0.85574,0.0082678,6.6042,-0.53104,0
378,2.8523,9.0096,-3.761,-3.3371,0
266,-0.016103,9.7484,0.15394000000000002,-1.6134,0
1366,-2.41,3.7433,-0.40215,-1.2953,1
911,2.031,1.852,-3.0121,0.003003,1
786,-2.0962,-7.1059,6.6188,-0.33708,1
496,3.3756,-4.0951,4.367,1.0698,0
615,-0.2062,9.2207,-3.7044,-6.8103,0
519,3.4669,6.87,-1.0568,-0.73147,0
155,2.486,-0.9953299999999999,5.3404,-0.15475,0
479,2.0962,2.4769,1.9379,-0.040962,0
919,0.89512,4.7738,-4.8431,-5.5909,1
1192,-4.4018,-12.9371,15.6559,-1.6806,1
1026,0.11805999999999998,0.39108000000000004,-0.9822299999999999,0.42843000000000003,1
232,2.2596,-0.033118,4.7355,-0.2776,0
1370,-3.5637,-8.3827,12.393,-1.2823,1
1040,1.7875,4.78,-5.1362,-3.2362,1
675,-0.16682,5.8974,0.49838999999999994,-0.70044,0
98,3.82,10.9279,-4.0112,-5.0284,0
729,-0.9592299999999999,0.091039,6.2204,-1.4828,0
819,-1.5322,-5.0966,6.6779,0.17498,1
415,3.8023,-3.8696,4.044,0.9534299999999999,0
166,1.1166,8.6496,-0.96252,-1.8112,0
455,2.6682,10.216,-3.4414,-4.0069,0
1308,-4.6338,-12.7509,16.7166,-3.2168,1
1194,-2.4725,-0.40145,1.4855,1.1189,1
1054,-0.30432,2.6528,-2.7756,-0.65647,1
555,2.2893,3.733,0.6312,-0.39786,0
384,0.54777,10.3754,-1.5435,-4.1633,0
797,0.81583,4.84,-5.2613,-6.0823,1
682,3.7321,-3.884,3.3577,-0.0060486,0
608,5.086,3.2798,-1.2701,1.1189,0
1261,-1.9116,-6.1603,5.606,0.48533000000000004,1
1160,-1.5951,-6.572,4.7689,-0.9435399999999999,1
890,-1.6637,3.2881,-2.2701,-2.2224,1
688,2.6213,5.7919,0.06568600000000001,-1.5759,0
1320,-0.72068,-6.7583,5.8408,0.62369,1
294,2.5068,1.1588,3.9249,0.12585,0
1220,-2.7769,-5.6967,5.9179,0.37671,1
524,0.33111,4.5731,2.057,-0.18967,0
736,-0.7056,8.7241,2.2215,-4.5965,0
1292,-0.76794,3.4598,-3.4405,-3.4276,1
1045,-0.014902,-1.0243,-0.94024,0.64955,1
923,0.4283,-0.94981,-1.0731,0.3211,1
1205,-1.6641,-1.3678,1.997,0.52283,1
336,3.966,3.9213,0.7057399999999999,0.33662,0
435,1.2138,8.7986,-2.1672,-0.74182,0
584,0.33565,6.8369,0.69718,-0.55691,0
1279,-5.3012,7.3915,0.029699,-7.3987,1
1303,-3.9297,-6.0816,10.0958,-1.0147,1
1268,-3.9411,-12.8792,13.0597,-3.3125,1
838,-2.3211,3.166,-1.0002,-2.7151,1
1331,0.22432,-0.52147,-0.40386,1.2017,1
70,3.9529,-2.3548,2.3792,0.48273999999999995,0
104,4.2027,0.22760999999999998,0.9610799999999999,0.97282,0
180,1.6426,3.0149,0.22849,-0.147,0
1003,-3.8203,-13.0551,16.9583,-2.3052,1
1255,-2.5084,-0.22763000000000003,1.488,1.2069,1
1339,1.5514,3.8013,-4.9143,-3.7483,1
1336,-2.0545,-10.8679,9.4926,-1.4116,1
429,2.5503,-4.9518,6.3729,-0.41596000000000005,0
83,1.8664,7.7763,-0.23849,-2.9634,0
1198,-1.7886,-6.3486,5.6154,0.42583999999999994,1
84,3.245,6.63,-0.63435,0.8693700000000001,0
178,-0.13144,-1.7775,8.3316,0.35214,0
163,2.4008,9.3593,-3.3565,-3.3526,0
388,-2.2527,11.5321,2.5899,-3.2737,0
261,3.1557,2.8908,0.5969300000000001,0.79825,0
288,0.44125,2.9487,4.3225,0.7155,0
402,1.9647,6.9383,0.57722,0.66377,0
356,2.7206,9.0821,-3.3111,-0.96811,0
975,-3.0799,0.60836,2.7039,-0.23751,1
973,1.2309,3.8923,-4.8277,-4.0069,1
10,1.2247,8.7779,-2.2135,-0.80647,0
983,-2.0336,-1.4092,1.1582,0.36507,1
360,2.7161,-4.2006,4.1914,0.16981,0
843,-0.52645,-0.24831999999999999,-0.45613000000000004,0.41938000000000003,1
37,3.6289,0.8132199999999999,1.6277,0.77627,0
478,-1.7781,0.8546,7.1303,0.027572000000000003,0
743,4.7926,1.7071,-0.051701,1.4926,0
792,-2.7338,0.45523,2.4391,0.21766,1
218,-0.16735,7.6274,1.2061,-3.6241,0
1066,-2.6286,0.18002,1.7956,0.97282,1
150,4.5447,8.2274,-2.4166,-1.5875,0
604,-2.6479,10.1374,-1.331,-5.4707,0
1330,-1.1005,-7.2508,6.0139,0.36895,1
332,3.5594,1.3078,1.291,1.6556,0
1265,-2.5463,3.1101,-0.8322799999999999,-3.0358,1
472,3.8384,6.1851,-2.0439,-0.033204000000000004,0
247,2.0597,-0.99326,5.2119,-0.29312,0
341,-1.1804,11.5093,0.15565,-6.8194,0
693,1.5478,9.1814,-1.6326,-1.7375,0
1343,-0.9592299999999999,-6.7128,4.9857,0.32886,1
1031,-1.8554,-9.6035,7.7764,-0.97716,1
830,-1.4427,3.2922,-1.9702,-3.4392,1
756,4.0127,10.1477,-3.9366,-4.0728,0
12,1.8993,7.6625,0.15394000000000002,-3.1108,0
1251,-0.77688,0.13036,-0.031137,-0.35389,1
1048,-0.8471,3.1329,-3.0112,-2.9388,1
777,-1.8215,2.7521,-0.7226100000000001,-2.353,1
586,1.5456,8.5482,0.4187,-2.1784,0
583,2.3678,-6.839,8.4207,-0.44828999999999997,0
714,2.5559,3.3605,2.0321,0.26809,0
576,0.32444,10.067,-1.1982,-4.1284,0
144,3.8481,10.1539,-3.8561,-4.2228,0
392,0.86736,5.5643,1.6765,-0.16769,0
126,-2.343,12.9516,3.3285,-5.9426,0
628,3.5251,0.7201,1.6928,0.6443800000000001,0
594,5.2032,3.5116,-1.2538,1.0129,0
326,-0.16108,-6.4624,8.3573,-1.5216,0
1135,-1.6386,3.3584,-1.7302,-3.5646,1
835,-0.94255,0.039307,-0.24191999999999997,0.31593000000000004,1
1043,-2.7028,1.6327,0.83598,-0.09139299999999999,1
954,-1.0292,-6.3879,5.5255,0.79955,1
841,-3.8858,-12.8461,12.7957,-3.1353,1
17,0.80355,2.8473,4.3439,0.6017,0
423,-0.12195999999999999,8.8068,0.9456600000000001,-4.2267,0
568,4.3435,3.3295,0.83598,0.64955,0
831,-0.39416,-0.020702,-0.06626699999999999,-0.44698999999999994,1
309,4.2478,7.6956,-2.7696,-1.0767,0
149,2.7391,7.4018,0.071684,-2.5302,0
1288,-2.659,-1.6058,1.3647,0.16464,1
517,1.762,4.3682,2.1384,0.75429,0
660,4.2756,-2.6528,2.1375,0.94437,0
471,0.39559,6.8866,1.0588,-0.67587,0
1027,0.11685999999999999,3.735,-4.4379,-4.3741,1
1207,-3.793,-12.7095,12.7957,-2.825,1
1223,1.3403,4.1323,-4.7018,-2.5987,1
951,-1.6936,2.7852,-2.1835,-1.9276,1
121,4.0713,10.4023,-4.1722,-4.7582,0
721,-0.45061999999999997,-1.3678,7.0858,-0.40303,0
1158,-3.3203,-0.026910000000000003,2.9618,-0.44958000000000004,1
620,3.4626,-4.449,3.5427,0.15429,0
1326,-1.2943,2.6735,-0.84085,-2.0323,1
118,2.8969,0.70768,2.29,1.8663,0
114,1.7819,6.9176,-1.2744,-1.5759,0
1322,-0.97325,-6.4168,5.6026,1.0323,1
557,4.0405,0.5152399999999999,1.0279,1.106,0
1006,-0.98193,2.7956,-1.2341,-1.5668,1
1213,-2.62,-6.8555,6.2169,-0.62285,1
235,2.0466,2.03,2.1761,-0.083634,0
75,2.3066,3.5364,0.5755100000000001,0.41938000000000003,0
778,-0.77461,-1.8768,2.4023,1.1319,1
1140,-0.53072,-0.097265,-0.21793,1.0426,1
99,-2.7419,11.4038,2.5394,-5.5793,0
208,2.1059,7.6046,-0.47755,-1.8461,0
278,0.89566,7.7763,-2.7473,-1.9353,0
381,5.4188,10.1457,-4.084,-3.6991,0
1302,-2.5724,-0.9560200000000001,2.7073,-0.16639,1
875,-1.8629,-0.84841,2.5377,0.097399,1
1334,-1.0833,-0.31246999999999997,1.2815,0.41291000000000005,1
600,1.1558,6.4003,1.5506,0.6961,0
1116,-0.49948000000000004,1.7734,-2.2469,-0.68104,1
444,1.3349,6.1189,0.46497,0.49826000000000004,0
522,0.52855,0.9642700000000001,4.0243,-1.0483,0
284,-1.3,10.2678,-2.953,-5.8638,0
949,-3.1158,-8.6289,10.4403,0.9715299999999999,1
1094,2.0177,1.7982,-2.9581,0.2099,1
1176,-0.59587,2.4811,-2.8673,-0.89828,1
142,4.1736,3.3336,-1.4244,0.60429,0
1096,-4.3667,6.0692,0.57208,-5.4668,1
468,4.5707,7.2094,-3.2794,-1.4944,0
430,1.5691,6.3465,-0.1828,-2.4099,0
1327,-0.24036999999999997,-1.7837,2.135,1.2418,1
196,4.1454,7.257,-1.9153,-0.8607799999999999,0
287,0.8960600000000001,10.5471,-1.4175,-4.0327,0
182,-0.69572,8.6165,1.8419,-4.3289,0
1253,-4.5531,-12.5854,15.4417,-1.4983,1
102,5.1129,-0.49871000000000004,0.62863,1.1189,0
1233,-7.0421,9.2,0.25933,-4.6832,1
391,2.1265,6.8783,0.44783999999999996,-2.2224,0
984,-0.69745,-1.7672,-0.34474,-0.12372000000000001,1
538,0.7225199999999999,-0.053811000000000005,5.6703,-1.3509,0
26,1.1432,-3.7413,5.5777,-0.63578,0
1079,0.12125999999999999,0.22346999999999997,-0.47326999999999997,0.97024,1
1019,-0.8172,3.3812,-3.6684,-3.456,1
672,2.3164,-2.628,3.1529,-0.08622,0
1055,-0.60254,1.7237,-2.1501,-0.77027,1
147,1.7496,-0.1759,5.1827,1.2922,0
933,-0.10234,1.8189,-2.2169,-0.56725,1
258,3.744,0.79459,0.9585100000000001,1.0077,0
173,-1.1193,10.7271,2.0938,-5.6504,0
1072,-1.366,0.18416,0.9053899999999999,1.5806,1
482,0.007124899999999999,8.3661,0.50781,-3.8155,0
138,5.2418,10.5388,-4.1174,-4.2797,0
610,-0.2361,9.3221,2.1307,-4.3793,0
1049,-3.9594,4.0289,-0.35845,-3.8957,1
859,-5.873,9.1752,-0.27448,-6.0422,1
1215,-0.7149399999999999,-4.4448,2.2241,0.49826000000000004,1
692,3.9771,11.1513,-3.9272,-4.3444,0
111,1.518,5.6946,0.094818,-0.026737999999999998,0
334,3.9294,1.4112,1.8076,0.8978200000000001,0
1368,-1.3887,-4.8773,6.4774,0.34179,1
520,3.1896,5.7526,-0.18537,-0.30086999999999997,0
722,4.8451,8.1116,-2.9512,-1.4724,0
1082,-1.3946,2.3134,-0.44498999999999994,-1.4905,1
453,3.5761,9.7753,-3.9795,-3.4638,0
1309,-4.2887,-7.8633,11.8387,-1.8978,1
715,3.4916,8.5709,-3.0326,-0.59182,0
999,-4.7331,-6.1789,11.388,-1.0741,1
156,2.4226,-4.5752,5.947,0.21506999999999998,0
554,2.6463,-4.8152,6.3549,0.003003,0
1138,-2.5961,-9.349,9.7942,-0.28018000000000004,1
462,4.9362,7.6046,-2.3429,-0.8530200000000001,0
742,0.66191,9.6594,-0.28819,-1.6638,0
578,2.1752,-0.8091,5.1022,-0.67975,0
1150,-4.2091,4.7283,-0.49126000000000003,-5.2159,1
1102,0.7376,4.8525,-4.7986,-5.6659,1
650,0.21084,9.4359,-0.09454299999999999,-1.859,0
856,0.24261,0.57318,-1.9402,0.44006999999999996,1
577,3.8962,-4.7904,3.3954,-0.53751,0
1002,-1.7104,-4.778,6.2109,0.3974,1
24,4.4338,9.887,-4.6795,-3.7483,0
279,1.9265,7.7557,-0.16823,-3.0771,0
751,2.2546,8.0992,-0.24877,-3.2698,0
1274,-2.5526,-7.3625,6.9255,-0.66811,1
34,-1.6162,0.80908,8.1628,0.60817,0
1241,-2.2811,-0.85669,2.7185,0.044382,1
41,-0.2062,9.2207,-3.7044,-6.8103,0
1284,1.208,4.0744,-4.7635,-2.6129,1
1114,-1.0555,0.79459,-1.6968,-0.46768000000000004,1
1093,0.74428,-3.7723,1.6131,1.5754,1
816,-4.8554,-5.9037,10.9818,-0.82199,1
687,-0.53966,7.3273,0.46583,-1.4543,0
137,5.032,8.2026,-2.6256,-1.0341,0
590,4.6352,-3.0087,2.6773,1.212,0
421,-1.1497,1.2954,7.701,0.62627,0
66,4.6054,-4.0765,2.7587,0.31981,0
761,2.2504,3.5757,0.35273000000000004,0.2836,0
268,0.9297,-3.7971,4.6429,-0.2957,0
719,1.7748,-0.76978,5.5854,1.3039,0
967,-3.8167,5.1401,-0.65063,-5.4306,1
665,1.8373,6.1292,0.8402700000000001,0.55257,0
896,0.0040545,0.62905,-0.6412100000000001,0.75817,1
414,1.9818,9.2621,-3.521,-1.872,0
713,4.0962,10.1891,-3.9323,-4.1827,0
533,0.045304000000000004,6.7334,1.0708,-0.9332,0
565,1.5701,7.9129,0.29018,-2.1953,0
1112,-4.1429,2.7749,0.68261,-0.7198399999999999,1
853,-3.1366,0.42212,2.6225,-0.064238,1
264,2.483,6.6155,-0.79287,-0.9086299999999999,0
90,1.4806,7.6377,-2.7876,-1.0341,0
815,-3.1128,-6.841,10.7402,-1.0172,1
488,1.1315,7.9212,1.093,-2.8444,0
904,0.50225,0.65388,-1.1793,0.39998,1
78,0.24835,7.6439,0.9885,-0.87371,0
886,-1.6514,-8.4985,9.1122,1.2379,1
412,3.7767,9.7794,-3.9075,-3.5323,0
164,4.8851,1.5995,-0.00029079999999999997,1.6401,0
167,1.0235,6.901,-2.0062,-2.7125,0
529,-1.3885,12.5026,0.69118,-7.5487,0
991,-2.9883,0.31245,0.45041000000000003,0.068951,1
395,1.2616,4.4303,-1.3335,-1.7517,0
635,1.8967,-2.5163,2.8093,-0.79742,0
1009,-3.5713,-12.4922,14.8881,-0.47026999999999997,1
211,3.5156,10.1891,-4.2759,-4.978,0
215,6.0919,2.9673,-1.3267,1.4551,0
446,2.4527,2.9653,0.20021,-0.056478999999999994,0
539,4.2475,1.4816,-0.48355,0.9534299999999999,0
465,-2.6989,12.1984,0.67661,-8.5482,0
199,5.8862,5.8747,-2.8167,-0.30086999999999997,0
328,3.5152,6.8224,-0.67377,-0.46898,0
790,1.1644,3.8095,-4.9408,-4.0909,1
1344,1.3451,0.23589000000000002,-1.8785,1.3258,1
670,3.482,-4.1634,3.5008,-0.078462,0
893,-0.77288,-7.4473,6.492,0.36119,1
65,2.5367,2.599,2.0938,0.20085,0
330,1.0607,2.4542,2.5188,-0.17027,0
591,1.5268,-5.5871,8.6564,-1.722,0
439,4.7285,2.1065,-0.28305,1.5625,0
552,3.6894,9.887,-4.0788,-4.3664,0
500,3.8644,3.7061,0.70403,0.35214,0
1232,-4.1244,3.7909,-0.6532,-4.1802,1
894,-1.8391,-9.0883,9.2416,-0.10432000000000001,1
48,3.9102,6.065,-2.4534,-0.68234,0
447,3.9121,2.9735,0.9285200000000001,0.60558,0
546,1.4507,8.7903,-2.2324,-0.65259,0
305,1.0284,9.767,-1.3687,-1.7853,0
1239,-2.4458,1.6285,-0.88541,-1.4802,1
466,1.1472,3.5985,1.9387,-0.43406000000000006,0
683,4.3365,-3.584,3.6884,0.74912,0
449,3.9414,-3.2902,3.1674,1.0866,0
581,-1.9667,11.8052,-0.40471999999999997,-7.8719,0
1025,-1.1022,-5.8395,4.5641,0.68705,1
168,-1.803,11.8818,2.0458,-5.2728,0
246,1.6472,0.48213,4.7449,1.225,0
1250,-2.4365,3.6026,-1.4166,-2.8948,1
1022,-0.66008,-3.226,3.8058,1.1836,1
272,4.4072,-0.070365,2.0416,1.1319,0
925,1.7425,3.6833,-4.0129,-1.7207,1
396,2.6799,3.1349,0.34073000000000003,0.5848899999999999,0
1260,-3.0,-9.1566,9.5766,-0.73018,1
1060,-4.8426,-4.9932,10.4052,-0.53104,1
860,-3.4605,2.6901,0.16165,-1.0224,1
1356,-4.0786,2.9239,0.87026,-0.65389,1
1352,1.4896,3.4288,-4.0309,-1.4259,1
448,3.9364,10.5885,-3.725,-4.3133,0
403,3.0864,-2.5845,2.2309,0.30946999999999997,0
1166,-2.1979,-2.1252,1.7151,0.45171000000000006,1
219,-1.3,10.2678,-2.953,-5.8638,0
932,0.26516999999999996,2.4066,-2.8416,-0.59958,1
676,0.29961,7.1328,-0.31475,-1.1828,0
1267,-2.4554,-9.0407,8.862,-0.8698299999999999,1
895,-0.63298,-5.1277,4.5624,1.4797,1
572,5.504,10.3671,-4.413,-4.0211,0
1177,-0.8954200000000001,2.0279,-2.3652,-1.2746,1
1202,-0.7034600000000001,2.957,-3.5947,-3.1457,1
205,4.8077,2.2327,-0.26334,1.5534,0
817,-2.588,3.8654,-0.3336,-1.2797,1
136,5.438,9.4669,-4.9417,-3.9202,0
1196,-2.0149,3.6874,-1.9385,-3.8918,1
884,-1.0112,2.9984,-1.1664,-1.6185,1
224,-0.36038000000000003,4.1158,3.1143,-0.37199,0
477,3.4893,6.69,-1.2042,-0.38750999999999997,0
677,0.25035,9.3262,-3.6873,-6.2543,0
451,5.681,7.795,-2.6848,-0.9254399999999999,0
888,-2.5701,-6.8452,8.9999,2.1353,1
1208,-1.9551,-6.9756,5.5383,-0.12889,1
431,1.3087,4.9228,2.0013,0.22024000000000002,0
290,2.5678,3.5136,0.61406,-0.40691,0
962,-1.8076,-8.8131,8.7086,-0.21681999999999998,1
699,3.9166,10.2491,-4.0926,-4.4659,0
625,4.0948,-2.9674,2.3689,0.75429,0
1231,-0.7784800000000001,3.4019,-3.4859,-3.5569,1
60,2.888,0.44696,4.5907,-0.24398000000000003,0
245,4.2134,-2.806,2.0116,0.6741199999999999,0
1296,-3.5933,0.22968000000000002,0.7126,-0.3332,1
513,5.9374,6.1664,-2.5905,-0.36553,0
793,-2.286,-5.4484,5.8039,0.88231,1
160,5.0452,3.8964,-1.4304,0.8629100000000001,0
846,-2.1405,-0.16762,1.321,-0.20906,1
234,2.7296,2.8701,0.5112399999999999,0.5099,0
43,0.96441,5.8395,2.3235,0.066365,0
204,0.8329200000000001,7.5404,0.65005,-0.9254399999999999,0
995,-2.1234,1.1815,-0.55552,-0.81165,1
367,3.2294,7.7391,-0.37816,-2.5405,0
1307,-2.6406,-4.4159,5.983,-0.13924,1
1119,-1.4375,-1.8624,4.026,0.5512699999999999,1
1337,0.2346,-4.5152,2.1195,1.4448,1
1276,-0.8980899999999999,-4.4862,2.2009,0.50731,1
940,0.18868,0.70148,-0.5118199999999999,0.0055892,1
724,5.1213,8.5565,-3.3917,-1.5474,0
57,5.807,5.0097,-2.2384,0.43878,0
636,2.1526,-6.1665,8.0831,-0.34355,0
603,3.7635,2.7811,0.6611899999999999,0.34179,0
1234,-4.9462,3.5716,0.82742,-1.4957,1
117,2.108,6.7955,-0.1708,0.4905,0
1206,-2.4349,-9.2497,8.9922,-0.5000100000000001,1
157,3.9479,-3.7723,2.883,0.019813,0
27,-0.38214000000000004,8.3909,2.1624,-3.7405,0
903,-0.81479,-5.7381,4.3919,0.3211,1
965,-0.21394000000000002,-0.68287,0.096532,1.1965,1
1179,-3.2778,1.8023,0.1805,-2.3931,1
36,2.6881,6.0195,-0.46641000000000005,-0.6926800000000001,0
832,-1.522,-6.6383,5.7491,-0.10690999999999999,1
262,1.8114,7.6067,-0.9788,-2.4668,0
123,-1.5075,1.9224,7.1466,0.89136,0
1175,-1.7549,-0.080711,-0.75774,-0.3707,1
598,1.105,7.4432,0.41098999999999997,-3.0332,0
50,4.3239,-4.8835,3.4356,-0.5776,0
1152,-2.4835,-7.4494,6.8964,-0.64484,1
260,3.7731,7.2073,-1.6814,-0.94742,0
1095,1.164,3.913,-4.5544,-3.8672,1
926,-0.23356,3.2405,-3.0669,-2.7784,1
153,3.4591,11.112,-4.2039,-5.0931,0
61,0.49665,5.527,1.7785,-0.47156000000000003,0
936,-1.2786,-2.4087,4.5735,0.47626999999999997,1
845,-3.8826,4.898,-0.92311,-5.0801,1
1316,-1.6029,-0.38903000000000004,1.62,1.9103,1
1218,-5.4414,7.2363,0.10937999999999999,-7.5642,1
306,0.27451,9.2186,-3.2863,-4.8448,0
878,-3.2854,4.0372,-0.45356,-1.8228,1
351,0.5195,-3.2633,3.0895,-0.9849,0
74,4.4069,10.9072,-4.5775,-4.4271,0
1100,1.4378,0.66837,-2.0267,1.0271,1
484,4.7432,2.1086,0.1368,1.6543,0
744,4.9852,8.3516,-2.5425,-1.2823,0
1183,-3.5741,3.944,-0.07912000000000001,-2.1203,1
1084,-1.48,-10.5244,9.9176,-0.5026,1
1211,-4.3967,4.9601,-0.6489199999999999,-5.4719,1
1272,-4.2333,4.9166,-0.49212,-5.3207,1
868,-4.4996,3.4288,0.56265,-1.1672,1
486,3.8832,6.4023,-2.432,-0.9836299999999999,0
400,1.3049,-0.15521,6.4911,-0.75346,0
1005,-2.899,-0.60424,2.6045,1.3776,1
297,1.2706,8.035,-0.19651,-2.1888,0
1360,-0.24745,1.9368,-2.4697,-0.80518,1
1012,-2.2677,3.2964,-2.2563,-2.4642,1
316,5.7353,5.2808,-2.2598,0.075416,0
1028,-2.7264,3.9213,-0.49212,-3.6371,1
497,-0.048007999999999995,-1.6037,8.4756,0.75558,0
1147,-1.6988,-7.1163,5.7902,0.16723,1
289,3.2422,6.2265,0.12224000000000002,-1.4466,0
963,-3.3863,-12.9889,13.0545,-2.7202,1
723,0.74841,7.2756,1.1504,-0.5388,0
40,4.1711,8.722,-3.0224,-0.5969899999999999,0
740,-2.4473,12.6247,0.73573,-7.6612,0
152,5.0691,0.21313000000000001,0.20278,1.2095,0
633,4.4295,-2.3507,1.7048,0.90946,0
120,3.4642,10.6878,-3.4071,-4.109,0
282,2.877,-4.0599,3.6259,-0.32544,0
154,1.9358,8.1654,-0.023425,-2.2586,0
1148,-0.26654,-0.64562,-0.42013999999999996,0.89136,1
857,1.296,4.2855,-4.8457,-2.9013,1
1291,0.52374,3.644,-4.0746,-1.9909,1
1029,-1.2369,-1.6906,2.518,0.51636,1
775,-0.36506,2.8928,-3.6461,-3.0603,1
521,0.8135600000000001,9.1566,-2.1492,-4.1814,0
605,1.0652,8.3682,-1.4004,-1.6509,0
648,0.77765,5.9781,1.1941,-0.3526,0
863,0.20215999999999998,1.9182,-3.2828,-0.61768,1
1087,0.518,0.25865,-0.84085,0.9611799999999999,1
181,-0.11782999999999999,-1.5789,8.03,-0.028031,0
299,2.2928,9.0386,-3.2417,-1.2991,0
20,5.7867,7.8902,-2.6196,-0.48708,0
1052,-2.4198,-0.24418,0.7014600000000001,0.41808999999999996,1
401,2.2123,-5.8395,7.7687,-0.8530200000000001,0
119,0.9297,-3.7971,4.6429,-0.2957,0
906,-2.9146,4.0537,-0.45698999999999995,-4.0327,1
570,3.9382,0.9291,0.7854300000000001,0.6767,0
1351,1.3183,1.9017,-3.3111,0.065071,1
344,3.5982,7.1307,-1.3035,0.21248000000000003,0
325,4.4549,2.4976,1.0313,0.9689399999999999,0
80,2.8033,9.0862,-3.3668,-1.0224,0
1190,-0.83121,0.039307,0.053689999999999995,-0.23105,1
1154,-0.36025,-4.449,2.1067,0.9430799999999999,1
749,0.8829799999999999,0.66009,6.0096,-0.43277,0
1168,0.7406699999999999,1.7299,-3.1963,-0.1457,1
129,3.4663,1.1112,1.7425,1.3388,0
313,2.1274,5.1939,-1.7971,-1.1763,0
94,3.2718,1.7837,2.1161,0.61334,0
493,2.8084,11.3045,-3.3394,-4.4194,0
804,-0.28015,3.0729,-3.3857,-2.9155,1
950,-2.0891,-0.48422,1.704,1.7435,1
1139,-1.5228,-6.4789,5.7568,0.87325,1
1256,-2.1652,3.0211,-2.4132,-2.4241,1
1347,-5.3857,9.1214,-0.41928999999999994,-5.9181,1
1332,0.90407,3.3708,-4.4987,-3.6965,1
1333,-2.8619,4.5193,-0.58123,-4.2629,1
397,-0.39816,5.9781,1.3912,-1.1621,0
1266,-1.4377,-1.432,2.1144,0.42067,1
569,1.8238,-6.7748,8.3873,-0.5413899999999999,0
1118,-1.9389,1.5706,0.045979,-1.122,1
495,-0.12624000000000002,10.3216,-3.7121,-6.1185,0
958,-0.36372,3.0439,-3.4816,-2.7836,1
609,3.4092,5.4049,-2.5228,-0.8995799999999999,0
28,6.5633,9.8187,-4.4113,-3.2258,0
433,2.229,9.6325,-3.1123,-2.7164,0
399,2.9695,5.6222,0.27560999999999997,-1.1556,0
695,0.49571000000000004,10.2243,-1.097,-4.0159,0
255,4.1425,-3.6792,3.8281,1.6297,0
263,4.988,7.2052,-3.2846,-1.1608,0
680,3.4465,2.9508,1.0271,0.5461,0
417,1.1518,1.3864,5.2727,-0.43536,0
1335,-1.5681,-7.2446,6.5537,-0.1276,1
839,-1.3414,-2.0776,2.8093,0.60688,1
652,4.6439,-3.3729,2.5976,0.55257,0
1050,-5.8818,7.6584,0.5558,-2.9155,1
823,-1.979,3.2301,-1.3575,-2.5819,1
679,0.77805,6.6424,-1.1425,-1.0573,0
1342,-1.7479,-5.823,5.8699,1.212,1
413,3.4769,-0.15314,2.53,2.4495,0
1123,0.26637,0.73252,-0.67891,0.03533,1
343,0.66018,10.3878,-1.4029,-3.9151,0
910,0.55298,-3.4619,1.7048,1.1008,1
1122,-2.0285,3.8468,-0.63435,-1.175,1
1051,-3.7747,2.5162,0.83341,-0.30993000000000004,1
338,0.96414,5.616,2.2138,-0.12500999999999998,0
97,2.1616,-6.8804,8.1517,-0.081048,0
808,-3.0265,-0.062088,0.68604,-0.055186,1
1136,-0.41645,0.32487,-0.33616999999999997,-0.36036,1
171,4.0552,-2.4583,2.2806,1.0323,0
579,1.1588,8.9331,-2.0807,-1.1272,0
664,5.3586,3.7557,-1.7345,1.0789,0
535,1.9476,-4.7738,8.527,-1.8668,0
127,3.7818,-2.8846,2.2558,-0.15734,0
1014,0.14329,-1.0885,1.0039,0.48791,1
210,4.2899,9.1814,-4.6067,-4.3263,0
38,4.5679,3.1929,-2.1055,0.29653,0
322,-1.7344,2.0175,7.7618,0.93532,0
1092,-1.5572,-9.8808,8.1088,-1.0806,1
487,3.4776,8.811,-3.1886,-0.92285,0
286,1.3419,-4.4221,8.09,-1.7349,0
349,-4.2859,8.5234,3.1392,-0.9163899999999999,0
125,2.994,7.2011,-1.2153,0.3211,0
631,1.8994,0.97462,4.2265,0.81377,0
1195,-1.9725,2.8825,-2.3086,-2.3724,1
511,3.9433,2.5017,1.5215,0.903,0
1161,0.7049,0.17174,-1.7859,0.36119,1
1363,-1.1667,-1.4237,2.9241,0.6611899999999999,1
957,-0.51003,-0.23590999999999998,0.020273,0.76334,1
611,3.8197,8.9951,-4.383,-4.0327,0
1369,-3.7503,-13.4586,17.5932,-2.7771,1
502,2.0051,-6.8638,8.132,-0.2401,0
622,5.0429,-0.52974,0.50439,1.106,0
475,3.8213,0.23175,2.0133,2.0564,0
39,3.4805,9.7008,-3.7541,-3.4379,0
1015,-0.90784,-7.9026,6.7807,0.34179,1
0,3.6216,8.6661,-2.8073,-0.44698999999999994,0
422,4.8368,10.0132,-4.3239,-4.3276,0
1222,0.30080999999999997,0.17381,-1.7542,0.48921000000000003,1
1159,-2.565,-5.7899,6.0122,0.046968,1
685,4.0715,7.6398,-2.0824,-1.1698,0
1064,-3.6961,-13.6779,17.5795,-2.6181,1
1362,-2.1668,1.5933,0.045122,-1.678,1
981,-6.0598,9.2952,-0.43642,-6.3694,1
1295,-4.9447,3.3005,1.063,-1.444,1
1298,-0.9607,2.6963,-3.1226,-1.3121,1
530,5.7227,5.8312,-2.4097,-0.24527,0
221,2.4196,6.4665,-0.75688,0.228,0
741,3.5862,-3.0957,2.8093,0.24481,0
753,3.1541,-5.1711,6.5991,0.57455,0
897,-0.28696,3.1784,-3.5767,-3.1896,1
848,-2.9098,-10.0712,8.4156,-1.9948,1
969,-2.1786,-6.4479,6.0344,-0.20776999999999998,1
691,0.5706,-0.0248,1.2421,-0.5621,0
528,3.6244,1.4609,1.3501,1.9284,0
1358,-1.0116,-0.19038,-0.90597,0.003003,1
7,2.0922,-6.81,8.4636,-0.60216,0
772,-2.4115,-9.1359,9.3444,-0.65259,1
1142,-6.5773,6.8017,0.85483,-7.5344,1
460,0.9657399999999999,8.393,-1.361,-1.4659,0
1273,-2.3675,-0.43663,1.692,-0.43018,1
1246,-2.4561,-4.5566,6.4534,-0.056478999999999994,1
1271,-0.071503,3.7412,-4.5415,-4.2526,1
702,3.7522,-3.6978,3.9943,1.3051,0
357,3.2051,8.6889,-2.9033,-0.7819,0
9,1.5356,9.1772,-2.2718,-0.73535,0
371,4.1529,-3.9358,2.8633,-0.017686,0
706,3.5829,1.4423,1.0219,1.4008,0
427,-1.3,10.2678,-2.953,-5.8638,0
541,3.6667,4.302,0.55923,0.33791,0
733,3.8244,-3.1081,2.4537,0.5202399999999999,0
564,2.0193,0.8235600000000001,4.6369,1.4202,0
757,2.6606,3.1681,1.9619,0.18662,0
274,5.2756,0.13863,0.12138,1.1435,0
717,2.9856,7.2673,-0.409,-2.2431,0
271,5.3915,9.9946,-3.8081,-3.3642,0
849,-0.60975,-4.002,1.8471,0.6017,1
725,3.6181,-3.7454,2.8273,-0.71208,0
212,2.614,8.0081,-3.7258,-1.3069,0
62,4.2586,11.2962,-4.0943,-4.3457,0
225,1.3562,3.2136,4.3465,0.78662,0
280,0.20976999999999998,-0.46146000000000004,7.7267,0.90946,0
574,1.1676,9.1566,-2.0867,-0.80647,0
972,1.3518,1.0595,-2.3437,0.39998,1
191,3.9663,10.1684,-4.1131,-4.6056,0
1189,-2.4941,3.5447,-1.3721,-2.8483,1
456,2.0007,1.8644,2.6491,0.47368999999999994,0
800,-2.0631,-1.5147,1.219,0.44523999999999997,1
588,-0.27802,8.1881,-3.1338,-2.5276,0
627,2.0153,0.43661000000000005,4.5864,-0.3151,0
432,5.1776,8.2316,-3.2511,-1.5694,0
1345,2.2279,4.0951,-4.8037,-2.1112,1
105,3.5438,1.2395,1.997,2.1547,0
179,2.3925,9.798,-3.0361,-2.8224,0
1083,-0.6987899999999999,-3.3771,4.1211,1.5043,1
124,-0.9171799999999999,9.9884,1.1804,-5.2263,0
1046,0.88992,2.2638,-3.1046,-0.11855,1
1237,-0.88728,2.808,-3.1432,-1.2035,1
704,3.7022,6.9942,-1.8511,-0.12889,0
1289,-1.4094,-2.1252,-0.10397,-0.19225,1
767,-2.2804,-0.30626,1.3347,1.3763,1
139,-0.2062,9.2207,-3.7044,-6.8103,0
980,0.63655,5.2022,-5.2159,-6.1211,1
128,4.6689,1.3098,0.055403999999999995,1.909,0
442,3.359,9.8022,-3.8209,-3.7133,0
292,4.1349,6.1189,-2.4294,-0.19613,0
323,3.884,10.0277,-3.9298,-4.0819,0
549,3.5288,0.71596,1.9507,1.9375,0
404,0.3798,0.7098,0.7572,-0.4444,0
770,0.3434,0.12415,-0.28733000000000003,0.14654,1
694,0.74054,0.36625,2.1992,0.48403,0
657,-0.278,8.1881,-3.1338,-2.5276,0
1299,-1.0802,2.1996,-2.5862,-1.2759,1
649,-0.38388,-1.0471,8.0514,0.49567,0
829,-2.2482,3.0915,-2.3969,-2.6711,1
668,0.5706,-0.024841,1.2421,-0.56208,0
768,-1.7582,2.7397,-2.5323,-2.234,1
1180,-2.2183,-1.254,2.9986,0.36378,1
411,4.0047,0.45937,1.3621,1.6181,0
996,-2.3142,2.0838,-0.46813,-1.6767,1
86,-1.1313,1.9037,7.5339,1.022,0
882,-4.3876,-7.7267,11.9655,-1.4543,1
436,0.3798,0.7098,0.7572,-0.4444,0
1242,-3.6053,-5.974,10.0916,-0.8284600000000001,1
998,-3.0866,-6.6362,10.5405,-0.8918200000000001,1
947,-1.682,-6.8121,7.1398,1.3323,1
72,4.7181,10.0153,-3.9486,-3.8582,0
295,2.1464,6.0795,-0.5778,-2.2302,0
709,3.2692,3.4184,0.20706,-0.066824,0
1010,-2.9915,-6.6258,8.6521,1.8198,1
547,3.4647,-3.9172,3.9746,0.36119,0
88,4.1197,-2.7956,2.0707,0.6741199999999999,0
1153,-2.7611,-10.5099,9.0239,-1.9547,1
285,1.7747,-6.4334,8.15,-0.89828,0
1204,-2.7723,3.2777,-0.9351,-3.1457,1
834,-1.7263,-6.0237,5.2419,0.29524,1
1124,-1.7589,-6.4624,8.4773,0.31981,1
